{"stats":{"minecraft:custom":{"minecraft:time_since_rest":59843,"minecraft:crouch_one_cm":114,"minecraft:play_time":59843,"minecraft:damage_taken":30,"minecraft:walk_one_cm":46891,"minecraft:sneak_time":529,"minecraft:jump":113,"minecraft:leave_game":1,"minecraft:time_since_death":59843,"minecraft:total_world_time":59843,"minecraft:climb_one_cm":717,"minecraft:fall_one_cm":569,"minecraft:fly_one_cm":99995},"minecraft:used":{"minecraft:mossy_cobblestone_stairs":52,"minecraft:cracked_stone_bricks":147,"minecraft:mossy_stone_bricks":65,"minecraft:mossy_cobblestone":7,"supplementaries:ash_bricks":1,"minecraft:grass_block":81,"minecraft:cobblestone_wall":1,"minecraft:chain":10,"minecraft:mossy_cobblestone_wall":8,"minecraft:mossy_stone_brick_stairs":95,"minecraft:mossy_cobblestone_slab":2,"minecraft:cobblestone_slab":8,"supplementaries:stone_tile_stairs":18,"minecraft:mossy_stone_brick_slab":30}},"DataVersion":3465}