{"stats":{"minecraft:custom":{"minecraft:mob_kills":4,"minecraft:leave_game":3,"minecraft:time_since_death":133314,"minecraft:climb_one_cm":11917,"minecraft:time_since_rest":133314,"minecraft:sprint_one_cm":69228,"minecraft:damage_taken":100,"minecraft:walk_one_cm":59931,"minecraft:drop":3,"minecraft:damage_dealt":559,"minecraft:fly_one_cm":1101292,"minecraft:talked_to_villager":2,"minecraft:open_chest":4,"minecraft:crouch_one_cm":5809,"minecraft:play_time":133314,"minecraft:sneak_time":4033,"minecraft:walk_under_water_one_cm":4398,"minecraft:jump":301,"minecraft:walk_on_water_one_cm":2546,"minecraft:total_world_time":133314},"minecraft:dropped":{"zombie_extreme:personnel_mine":64,"firstaid:bandage":1,"minecraft:spruce_planks":1},"minecraft:killed":{"minecraft:parrot":1,"minecraft:pig":1,"minecraft:zombie":1,"minecraft:villager":1},"minecraft:used":{"supplementaries:blackboard":2,"zombie_extreme:barbed_fence":5,"minecraft:moss_carpet":18,"minecraft:netherite_sword":6,"zombie_extreme:birdsnest":3,"zombie_extreme:decomposing_backpack":3,"minecraft:gold_ingot":3,"zombie_extreme:vending_machine":4,"minecraft:spruce_slab":17,"minecraft:ladder":30,"supplementaries:crystal_display":1,"tacz:gun_smith_table":1,"minecraft:decorated_pot":1,"minecraft:spruce_planks":41,"minecraft:mossy_stone_brick_stairs":2,"minecraft:stone":4,"minecraft:zombie_spawn_egg":1,"minecraft:parrot_spawn_egg":1,"tacz:statue":4,"zombie_extreme:dead_body":10,"minecraft:iron_nugget":6,"supplementaries:urn":17,"supplementaries:hat_stand":2,"minecraft:green_terracotta":12,"minecraft:cracked_stone_bricks":1,"minecraft:dirt":13,"zombie_extreme:military_cargo":4,"minecraft:vine":448,"minecraft:spruce_stairs":5,"zombie_extreme:washing_machine":8,"minecraft:dripstone_block":7,"minecraft:gray_concrete":25,"minecraft:glow_lichen":64,"zombie_extreme:cupboard":7,"minecraft:dark_oak_door":2,"zombie_extreme:black_ops_cargo":1,"zombie_extreme:tube_tv":2,"zombie_extreme:spotlight":2,"minecraft:cyan_terracotta":3,"supplementaries:cage":2,"minecraft:villager_spawn_egg":1,"minecraft:zombie_head":2,"zombie_extreme:radio_installation":7,"minecraft:grass_block":44,"minecraft:jungle_log":1,"minecraft:pig_spawn_egg":1,"zombie_extreme:fridge":4,"zombie_extreme:shelf":3,"zombie_extreme:drinks_vending_machine":3,"zombie_extreme:trash_bucket":1,"minecraft:spruce_trapdoor":2,"zombie_extreme:cash_register":3,"zombie_extreme:medicine_box":5,"minecraft:stone_brick_stairs":9,"minecraft:stone_bricks":10,"minecraft:item_frame":1,"zombie_extreme:trader_table":2,"zombie_extreme:bear_trap":31,"zombie_extreme:personnel_mine":66,"zombie_extreme:computer_monitor":3,"zombie_extreme:microwave":2,"minecraft:skeleton_skull":1,"zombie_extreme:wire":1,"zombie_extreme:empty_cans":4,"minecraft:cobweb":23,"minecraft:pointed_dripstone":7},"minecraft:mined":{"minecraft:gray_concrete":303,"minecraft:grass_block":129,"minecraft:glass":2,"minecraft:sugar_cane":1,"minecraft:diorite":4,"minecraft:lava":15,"minecraft:sand":5,"minecraft:dirt":41},"minecraft:picked_up":{"minecraft:feather":2,"minecraft:ladder":4,"minecraft:gray_concrete":23,"minecraft:dirt":27,"minecraft:spruce_planks":42,"minecraft:iron_nugget":1,"minecraft:porkchop":2,"tacz:statue":2,"minecraft:green_terracotta":1,"minecraft:rotten_flesh":1,"tacz:modern_kinetic_gun":1,"minecraft:cyan_terracotta":1,"minecraft:gold_ingot":1}},"DataVersion":3465}