{"stats":{"minecraft:custom":{"minecraft:leave_game":1,"minecraft:time_since_death":133346,"minecraft:climb_one_cm":6455,"minecraft:time_since_rest":133346,"minecraft:sprint_one_cm":79483,"minecraft:damage_taken":30,"minecraft:walk_one_cm":178247,"minecraft:drop":14,"minecraft:fly_one_cm":668765,"minecraft:crouch_one_cm":5425,"minecraft:play_time":133346,"minecraft:sneak_time":4314,"minecraft:walk_under_water_one_cm":3931,"minecraft:jump":638,"minecraft:walk_on_water_one_cm":4280,"minecraft:total_world_time":133346,"minecraft:fall_one_cm":2257},"minecraft:dropped":{"supplementaries:flag_white":1,"minecraft:book":2,"minecraft:rotten_flesh":1,"zombie_extreme:cloth":1,"minecraft:leather":1,"zombie_extreme:modern_axe":1,"minecraft:stick":3,"tacz:ammo_box":1,"tacz:modern_kinetic_gun":2,"minecraft:paper":1},"minecraft:used":{"zombie_extreme:metal_fence":13,"minecraft:water_bucket":92,"zombie_extreme:sand_bag":13,"supplementaries:flag_white":4,"zombie_extreme:decomposing_backpack":3,"zombie_extreme:birdsnest":1,"zombie_extreme:vending_machine":3,"minecraft:armor_stand":2,"supplementaries:netherite_door":11,"zombie_extreme:lamp":1,"minecraft:bubble_coral_fan":2,"tacz:gun_smith_table":7,"minecraft:white_terracotta":123,"minecraft:stone":121,"zombie_extreme:tool_box":2,"tacz:statue":2,"zombie_extreme:dead_body":4,"minecraft:green_terracotta":482,"minecraft:tube_coral":1,"zombie_extreme:wooden_barricades":8,"minecraft:oak_leaves":164,"minecraft:mossy_cobblestone":4,"minecraft:dirt":159,"minecraft:lime_terracotta":65,"zombie_extreme:military_cargo":4,"minecraft:vine":4,"minecraft:yellow_concrete":33,"minecraft:stone_brick_wall":10,"minecraft:fire_coral":1,"minecraft:gray_concrete":46,"zombie_extreme:cupboard":14,"minecraft:spruce_fence":129,"zombie_extreme:black_ops_cargo":6,"minecraft:redstone_torch":3,"minecraft:jungle_sapling":107,"minecraft:stone_brick_slab":30,"zombie_extreme:spotlight":2,"supplementaries:cage":1,"zombie_extreme:radio_installation":2,"minecraft:black_stained_glass_pane":114,"minecraft:grass_block":30,"minecraft:jungle_log":1,"minecraft:stone_button":9,"supplementaries:clock_block":1,"zombie_extreme:wooden_chair":2,"zombie_extreme:shelf":10,"zombie_extreme:trash_bucket":2,"minecraft:spruce_trapdoor":49,"zombie_extreme:medicine_box":5,"minecraft:stone_brick_stairs":46,"minecraft:stone_bricks":319,"zombie_extreme:trader_table":11,"zombie_extreme:iron_table":1,"minecraft:cobblestone":8,"zombie_extreme:bear_trap":4,"zombie_extreme:personnel_mine":22,"minecraft:dark_oak_pressure_plate":3,"zombie_extreme:computer_monitor":2,"minecraft:gray_bed":2,"minecraft:chain":1,"minecraft:smooth_stone_slab":203,"supplementaries:statue":3,"minecraft:egg":1,"zombie_extreme:night_stand":5,"minecraft:fire_coral_fan":1,"minecraft:bone_meal":439,"minecraft:light_gray_bed":1,"zombie_extreme:wire":1,"minecraft:smooth_stone":29,"zombie_extreme:empty_cans":1,"minecraft:dark_oak_sapling":4,"zombie_extreme:concrete_fence":3},"minecraft:mined":{"minecraft:jungle_leaves":1,"minecraft:grass":4,"zombie_extreme:birdsnest":1,"minecraft:fern":1},"minecraft:picked_up":{"zombie_extreme:modern_axe":1,"minecraft:gray_concrete":4,"minecraft:dirt":72,"tacz:ammo_box":1,"minecraft:wheat_seeds":3,"supplementaries:flag_white":1,"minecraft:egg":1,"minecraft:stick":2,"minecraft:yellow_concrete":1,"tacz:statue":2,"minecraft:green_terracotta":1,"tacz:modern_kinetic_gun":1,"zombie_extreme:rotten_apple":3,"firstaid:bandage":1,"minecraft:cobblestone":3}},"DataVersion":3465}